{"cameraMode":{"drawMode":0,"name":"Shaded","section":"Shading Mode"},"sceneLighting":false,"audioPlay":false,"sceneViewState":{"showFog":true,"showMaterialUpdate":false,"showSkybox":true,"showFlares":true,"showImageEffects":true,"showParticleSystems":true},"in2DMode":false,"pivot":{"x":14.659225463867188,"y":0.0,"z":4.053042888641357},"rotation":{"x":-0.2320372760295868,"y":-0.03412884846329689,"z":0.008114014752209187,"w":-0.9721125364303589},"size":13.392807960510254,"orthographic":false}