{"cameraMode":{"drawMode":0,"name":"Shaded","section":"Shading Mode"},"sceneLighting":false,"audioPlay":false,"sceneViewState":{"showFog":true,"showMaterialUpdate":false,"showSkybox":true,"showFlares":true,"showImageEffects":true,"showParticleSystems":true},"in2DMode":false,"pivot":{"x":5.746894836425781,"y":1.0225715637207032,"z":16.065793991088868},"rotation":{"x":0.12297862768173218,"y":0.02053026482462883,"z":-0.0024792805779725315,"w":0.9922581315040588},"size":7.479700565338135,"orthographic":false}