{"cameraMode":{"drawMode":0,"name":"Shaded","section":"Shading Mode"},"sceneLighting":false,"audioPlay":false,"sceneViewState":{"showFog":true,"showMaterialUpdate":false,"showSkybox":true,"showFlares":true,"showImageEffects":true,"showParticleSystems":true},"in2DMode":false,"pivot":{"x":-5.963870525360107,"y":1.7667901515960694,"z":11.146074295043946},"rotation":{"x":0.08234687894582749,"y":-0.20804032683372498,"z":0.01763119362294674,"w":0.9745522737503052},"size":2.0492684841156008,"orthographic":false}