{"cameraMode":{"drawMode":0,"name":"Shaded","section":"Shading Mode"},"sceneLighting":false,"audioPlay":false,"sceneViewState":{"showFog":true,"showMaterialUpdate":false,"showSkybox":false,"showFlares":true,"showImageEffects":true,"showParticleSystems":true},"in2DMode":false,"pivot":{"x":2.26846981048584,"y":-0.015044212341308594,"z":0.41045475006103518},"rotation":{"x":-0.08341766148805618,"y":-0.2906815707683563,"z":0.025406379252672197,"w":-0.9528780579566956},"size":20.535852432250978,"orthographic":false}