{"cameraMode":{"drawMode":0,"name":"Shaded","section":"Shading Mode"},"sceneLighting":false,"audioPlay":false,"sceneViewState":{"showFog":true,"showMaterialUpdate":false,"showSkybox":false,"showFlares":true,"showImageEffects":true,"showParticleSystems":true},"in2DMode":false,"pivot":{"x":17.719518661499025,"y":0.4300000071525574,"z":15.647653579711914},"rotation":{"x":-0.08152005821466446,"y":-0.8152621984481812,"z":0.11847563832998276,"w":-0.5609984993934631},"size":0.03535480052232742,"orthographic":false}