{"cameraMode":{"drawMode":0,"name":"Shaded","section":"Shading Mode"},"sceneLighting":false,"audioPlay":false,"sceneViewState":{"showFog":true,"showMaterialUpdate":false,"showSkybox":true,"showFlares":true,"showImageEffects":true,"showParticleSystems":true},"in2DMode":false,"pivot":{"x":0.6966550350189209,"y":0.06580042839050293,"z":17.13881492614746},"rotation":{"x":-0.10649845749139786,"y":-0.04649567976593971,"z":0.004926951602101326,"w":-0.9932815432548523},"size":7.198180198669434,"orthographic":false}