{"cameraMode":{"drawMode":0,"name":"Shaded","section":"Shading Mode"},"sceneLighting":false,"audioPlay":false,"sceneViewState":{"showFog":true,"showMaterialUpdate":false,"showSkybox":true,"showFlares":true,"showImageEffects":true,"showParticleSystems":true},"in2DMode":false,"pivot":{"x":7.498162269592285,"y":0.2218165397644043,"z":17.943504333496095},"rotation":{"x":-0.09501153975725174,"y":-0.8536942601203919,"z":0.16753992438316346,"w":-0.483934611082077},"size":4.669830322265625,"orthographic":false}