{"cameraMode":{"drawMode":0,"name":"Shaded","section":"Shading Mode"},"sceneLighting":false,"audioPlay":false,"sceneViewState":{"showFog":true,"showMaterialUpdate":false,"showSkybox":true,"showFlares":true,"showImageEffects":true,"showParticleSystems":true},"in2DMode":false,"pivot":{"x":-0.06000000238418579,"y":1.8329999446868897,"z":0.6710000038146973},"rotation":{"x":0.25150150060653689,"y":0.324306458234787,"z":-0.08977271616458893,"w":0.9075381755828857},"size":0.26291221380233767,"orthographic":false}