{"cameraMode":{"drawMode":0,"name":"Shaded","section":"Shading Mode"},"sceneLighting":false,"audioPlay":false,"sceneViewState":{"showFog":true,"showMaterialUpdate":false,"showSkybox":true,"showFlares":true,"showImageEffects":true,"showParticleSystems":true},"in2DMode":false,"pivot":{"x":5.843505859375,"y":2.995838165283203,"z":20.190942764282228},"rotation":{"x":0.11375406384468079,"y":-0.34857916831970217,"z":0.042724572122097018,"w":0.9294208884239197},"size":1.1927242279052735,"orthographic":false}