{"cameraMode":{"drawMode":0,"name":"Shaded","section":"Shading Mode"},"sceneLighting":false,"audioPlay":false,"sceneViewState":{"showFog":true,"showMaterialUpdate":false,"showSkybox":true,"showFlares":true,"showImageEffects":true,"showParticleSystems":true},"in2DMode":false,"pivot":{"x":1.8264710903167725,"y":1.2548143863677979,"z":4.770221710205078},"rotation":{"x":-0.1502716988325119,"y":0.221321702003479,"z":-0.03456708416342735,"w":-0.9629694819450378},"size":32.26026916503906,"orthographic":false}