{"cameraMode":{"drawMode":0,"name":"Shaded","section":"Shading Mode"},"sceneLighting":false,"audioPlay":false,"sceneViewState":{"showFog":true,"showMaterialUpdate":false,"showSkybox":false,"showFlares":true,"showImageEffects":true,"showParticleSystems":true},"in2DMode":false,"pivot":{"x":-0.01651647686958313,"y":3.6949381828308107,"z":0.026966184377670289},"rotation":{"x":0.12297862768173218,"y":0.02053026482462883,"z":-0.0024792805779725315,"w":0.9922581315040588},"size":2.634908437728882,"orthographic":false}