{"cameraMode":{"drawMode":0,"name":"Shaded","section":"Shading Mode"},"sceneLighting":false,"audioPlay":false,"sceneViewState":{"showFog":true,"showMaterialUpdate":false,"showSkybox":true,"showFlares":true,"showImageEffects":true,"showParticleSystems":true},"in2DMode":false,"pivot":{"x":-0.09767210483551026,"y":1.7947502136230469,"z":0.6286865472793579},"rotation":{"x":-0.07373276352882385,"y":0.01736399531364441,"z":-0.0012841252610087395,"w":-0.9971545338630676},"size":0.22779160737991334,"orthographic":false}