{"cameraMode":{"drawMode":0,"name":"Shaded","section":"Shading Mode"},"sceneLighting":false,"audioPlay":false,"sceneViewState":{"showFog":true,"showMaterialUpdate":false,"showSkybox":true,"showFlares":true,"showImageEffects":true,"showParticleSystems":true},"in2DMode":false,"pivot":{"x":0.06191021203994751,"y":2.20481014251709,"z":1.563995361328125},"rotation":{"x":-0.09245690703392029,"y":-0.21393921971321107,"z":0.020346807315945627,"w":-0.9722760319709778},"size":2.627791404724121,"orthographic":false}