{"cameraMode":{"drawMode":0,"name":"Shaded","section":"Shading Mode"},"sceneLighting":false,"audioPlay":false,"sceneViewState":{"showFog":true,"showMaterialUpdate":false,"showSkybox":true,"showFlares":true,"showImageEffects":true,"showParticleSystems":true},"in2DMode":false,"pivot":{"x":-5.111053466796875,"y":1.2999999523162842,"z":21.270000457763673},"rotation":{"x":-0.11076364666223526,"y":0.17732247710227967,"z":-0.020104823634028436,"w":-0.9777281284332275},"size":2.993586301803589,"orthographic":false}