{"cameraMode":{"drawMode":0,"name":"Shaded","section":"Shading Mode"},"sceneLighting":false,"audioPlay":false,"sceneViewState":{"showFog":true,"showMaterialUpdate":false,"showSkybox":true,"showFlares":true,"showImageEffects":true,"showParticleSystems":true},"in2DMode":false,"pivot":{"x":-4.544559478759766,"y":1.927199363708496,"z":20.980697631835939},"rotation":{"x":-0.11076364666223526,"y":0.17732247710227967,"z":-0.020104823634028436,"w":-0.9777281284332275},"size":1.229860782623291,"orthographic":false}