{"cameraMode":{"drawMode":0,"name":"Shaded","section":"Shading Mode"},"sceneLighting":false,"audioPlay":false,"sceneViewState":{"showFog":true,"showMaterialUpdate":false,"showSkybox":true,"showFlares":true,"showImageEffects":true,"showParticleSystems":true},"in2DMode":false,"pivot":{"x":171.09999084472657,"y":699.2000122070313,"z":0.0},"rotation":{"x":-0.052755460143089297,"y":0.033858951181173328,"z":-0.0017868131399154664,"w":-0.9980592131614685},"size":211.47274780273438,"orthographic":false}