{"cameraMode":{"drawMode":0,"name":"Shaded","section":"Shading Mode"},"sceneLighting":false,"audioPlay":false,"sceneViewState":{"showFog":true,"showMaterialUpdate":false,"showSkybox":true,"showFlares":true,"showImageEffects":true,"showParticleSystems":true},"in2DMode":false,"pivot":{"x":-5.111053466796875,"y":1.2999999523162842,"z":7.040999889373779},"rotation":{"x":-0.15552403032779694,"y":0.04385704919695854,"z":-0.006924721412360668,"w":-0.9868672490119934},"size":14.396666526794434,"orthographic":false}