{"cameraMode":{"drawMode":0,"name":"Shaded","section":"Shading Mode"},"sceneLighting":false,"audioPlay":false,"sceneViewState":{"showFog":true,"showMaterialUpdate":false,"showSkybox":true,"showFlares":true,"showImageEffects":true,"showParticleSystems":true},"in2DMode":false,"pivot":{"x":-0.36000001430511477,"y":0.9960000514984131,"z":0.07999998331069946},"rotation":{"x":-0.049144595861434939,"y":-0.28566813468933108,"z":0.014671267941594124,"w":-0.9569844007492065},"size":3.024744749069214,"orthographic":false}