{"cameraMode":{"drawMode":0,"name":"Shaded","section":"Shading Mode"},"sceneLighting":false,"audioPlay":false,"sceneViewState":{"showFog":true,"showMaterialUpdate":false,"showSkybox":true,"showFlares":true,"showImageEffects":true,"showParticleSystems":true},"in2DMode":false,"pivot":{"x":0.6605660915374756,"y":1.9583090543746949,"z":0.9748643040657044},"rotation":{"x":-0.030235642567276956,"y":-0.4190010130405426,"z":0.013962024822831154,"w":-0.9074053764343262},"size":0.8277916312217712,"orthographic":false}